--
-- Script was generated by Devart dbForge Studio 2020 for MySQL, Version 9.0.338.0
-- Product home page: http://www.devart.com/dbforge/mysql/studio
-- Script date 8/30/2022 11:31:44 PM
-- Server version: 8.0.30
-- Client version: 4.1
--

-- 
-- Disable foreign keys
-- 
/*!40014 SET @OLD_FOREIGN_KEY_CHECKS=@@FOREIGN_KEY_CHECKS, FOREIGN_KEY_CHECKS=0 */;

-- 
-- Set SQL mode
-- 
/*!40101 SET @OLD_SQL_MODE=@@SQL_MODE, SQL_MODE='NO_AUTO_VALUE_ON_ZERO' */;

-- 
-- Set character set the client will use to send SQL statements to the server
--
SET NAMES 'utf8';

--
-- Set default database
--
USE `misa.21h.2022.nguyenthanhlam`;

--
-- Drop table `employee`
--
DROP TABLE IF EXISTS employee;

--
-- Drop table `department`
--
DROP TABLE IF EXISTS department;

--
-- Drop table `positions`
--
DROP TABLE IF EXISTS positions;

--
-- Set default database
--
USE `misa.21h.2022.nguyenthanhlam`;

--
-- Create table `positions`
--
CREATE TABLE positions (
  PositionID char(36) NOT NULL DEFAULT '' COMMENT 'ID vị trí công việc',
  PositionCode varchar(20) NOT NULL DEFAULT '' COMMENT 'Mã phòng ban',
  PositionName varchar(255) NOT NULL DEFAULT '' COMMENT 'Tên phòng ban',
  CreatedBy varchar(100) DEFAULT NULL COMMENT 'Người tạo',
  CreatedDate datetime DEFAULT NULL COMMENT 'Ngày tạo',
  ModifiedBy varchar(255) DEFAULT NULL COMMENT 'Người chỉnh sửa gần nhất',
  PRIMARY KEY (PositionID)
)
ENGINE = INNODB,
CHARACTER SET utf8mb4,
COLLATE utf8mb4_general_ci,
COMMENT = 'Bảng thông tin vị trí công việc';

--
-- Create table `department`
--
CREATE TABLE department (
  DepartmentID char(36) NOT NULL DEFAULT '' COMMENT 'ID phòng ban',
  DepartmentCode varchar(20) NOT NULL DEFAULT '' COMMENT 'Mã phòng ban',
  DepartmentName varchar(255) NOT NULL DEFAULT '' COMMENT 'Tên phòng ban',
  CreatedBy varchar(100) DEFAULT NULL COMMENT 'Người tạo',
  CreatedDate datetime DEFAULT NULL COMMENT 'Ngày tạo',
  ModifiedBy varchar(255) DEFAULT NULL COMMENT 'Người chỉnh sửa gần nhất',
  PRIMARY KEY (DepartmentID)
)
ENGINE = INNODB,
CHARACTER SET utf8mb4,
COLLATE utf8mb4_general_ci,
COMMENT = 'Bảng thông tin phòng ban';

--
-- Create table `employee`
--
CREATE TABLE employee (
  EmployeeID char(36) NOT NULL DEFAULT '' COMMENT 'ID của nhân viên',
  EmployeeCode varchar(20) NOT NULL DEFAULT '' COMMENT 'Mã nhân viên',
  EmployeeName varchar(100) NOT NULL DEFAULT '' COMMENT 'Họ tên nhân viên',
  DateOfBirth date DEFAULT NULL COMMENT 'Năm sinh của nhân viên',
  Gender tinyint DEFAULT NULL COMMENT 'Giới tính của nhân viên (0: Khác - 1: Nam - 2: Nữ)',
  IdentityNumber varchar(25) NOT NULL DEFAULT '' COMMENT 'Số CCCD',
  PositionID char(36) NOT NULL DEFAULT '' COMMENT 'ID vị trí',
  PositionName varchar(255) DEFAULT NULL,
  DepartmentID char(36) NOT NULL DEFAULT '' COMMENT 'ID phòng ban',
  DepartmentName varchar(255) NOT NULL DEFAULT '' COMMENT 'Tên phòng ban',
  WorkStatus tinyint DEFAULT NULL COMMENT 'Tình trạng công việc (0: Nghỉ việc - 1: Đang làm việc - 2: Thử việc)',
  CreatedBy varchar(100) DEFAULT NULL COMMENT 'Người tạo',
  CreatedDate datetime DEFAULT NULL COMMENT 'Ngày tạo',
  ModifiedBy varchar(100) DEFAULT NULL COMMENT 'Người chỉnh sửa gần nhất',
  ModifiedDate datetime DEFAULT NULL COMMENT 'Ngày chỉnh sửa gần nhất',
  PRIMARY KEY (EmployeeID)
)
ENGINE = INNODB,
CHARACTER SET utf8mb4,
COLLATE utf8mb4_general_ci,
COMMENT = 'Bảng thông tin nhân viên';

--
-- Create foreign key
--
ALTER TABLE employee
ADD CONSTRAINT FK_employee_department_DepartmentID FOREIGN KEY (DepartmentID)
REFERENCES department (DepartmentID);

--
-- Create foreign key
--
ALTER TABLE employee
ADD CONSTRAINT FK_employee_positions_PositionID FOREIGN KEY (PositionID)
REFERENCES positions (PositionID);

-- 
-- Dumping data for table positions
--
INSERT INTO positions VALUES
('2b5f15b9-17d9-57e8-1e4a-aea48a10ed18', 'P003', 'Trưởng phòng', 'Nguyễn Thị Linh', '2022-06-14 00:46:48', 'Trân Thị Tuấn'),
('34bd2cef-5026-567c-3b71-153b37881afe', 'P006', 'Lập trình viên', 'Nguyễn Văn Cường', '2022-01-01 00:00:09', 'Nông Thái Tuấn'),
('438598e2-2574-4fc8-2626-978952f080e4', 'P002', 'Phó phòng', 'Võ Thị Giang', '2022-01-01 00:00:01', 'Nguyễn Văn Giang'),
('43a6bdf5-1b6b-451b-3695-2c566fa88632', 'P002', 'Tổ trưởng', 'Nguyễn Ngọc Thái', '2022-01-01 00:31:40', 'Trịnh Văn Ngọc'),
('64a59a25-2488-54b0-f6b4-c8af08a50cbf', 'P004', 'Quản lý', 'Nông Thị Cường', '2022-05-12 03:56:42', 'Nguyễn Mai Loan'),
('674934cc-42cf-20cf-1d4a-aea48a10ed18', 'P005', 'Nhân viên kiểm soát chất lượng', 'Nguyễn Tuấn Hiếu', '2022-01-01 00:00:07', 'Nguyễn Việt Tuấn');

-- 
-- Dumping data for table department
--
INSERT INTO department VALUES
('11452b0c-768e-5ff7-0d63-eeb1d8ed8cef', 'D002', 'Phòng bảo vệ', 'Hoàng Ngọc Hân', '2022-07-15 12:19:05', 'Nông Ngọc Hân'),
('142cb08f-7c31-21fa-8e90-67245e8b283e', 'D007', 'Phòng hành chính\r\n', 'Nguyễn Tuấn Mạnh', '2022-01-01 00:07:13', 'Nguyễn Tuấn Thành'),
('17120d02-6ab5-3e43-18cb-66948daf6128', 'D007', 'Phòng nhân sự', 'Võ Thị Bằng', '2022-05-26 09:24:52', 'Nguyễn Minh Giang'),
('4577565a-7e3e-493a-74dd-867949feb8b5', 'D002', 'Phòng hỗ trợ khác hàng', 'Bùi Thị Thái', '2022-02-01 23:06:46', 'Nguyễn Thị Hương'),
('469b3ece-744a-45d5-957d-e8c757976496', 'D002', 'Phòng Marketting', 'Nông Thị Mai', '2022-05-16 03:49:49', 'Võ Ngọc Thái'),
('4e272fc4-7875-78d6-7d32-6a1673ffca7c', 'D004', 'Phòng tài chính', 'Bùi Ngọc Thuận', '2022-04-21 06:29:37', 'Nguyễn Mai Hương'),
('768f8e64-7d10-20c9-967d-e8c757976496', 'D003', 'Phòng giám đốc', 'Mai Văn Linh', '2022-05-31 04:21:44', 'Mai Ngọc Anh');

-- 
-- Dumping data for table employee
--
INSERT INTO employee VALUES
('197fda97-5a35-781d-0e77-d9ebc53aac3d', 'NV82080', 'Nguyễn Việt Thuận', '1998-02-27', NULL, '35930433253', '43a6bdf5-1b6b-451b-3695-2c566fa88632', 'Trưởng phòng', '469b3ece-744a-45d5-957d-e8c757976496', 'Phòng hành chính\r\n', 0, NULL, NULL, 'Nông Ngọc Hân', '2022-08-21 04:39:09'),
('28cd1599-63bf-785f-4f80-7ed9d1ea06ea', 'NV38549', 'Nguyễn Ngọc Ly', '1962-03-06', 0, '50662284567', '34bd2cef-5026-567c-3b71-153b37881afe', 'Tổ trưởng', '142cb08f-7c31-21fa-8e90-67245e8b283e', 'Phòng bảo vệ', 0, 'Nguyễn Minh Hiếu', '2022-05-29 04:04:23', 'Hoàng Việt Mai', '2022-03-21 07:49:26'),
('3304dddb-1b72-607f-25c2-579daad24557', 'NV22754', 'Nguyễn Ngọc Hương', '1980-01-16', 1, '56857082727', '674934cc-42cf-20cf-1d4a-aea48a10ed18', 'Nhân viên kiểm soát', '768f8e64-7d10-20c9-967d-e8c757976496', 'Phòng tài chính', 0, 'Nguyễn Ngọc Hương', '2022-04-15 16:39:12', 'Lê Thị Thái', '2022-02-27 02:13:49'),
('506acf1e-5331-67a9-0d77-d9ebc53aac3d', 'NV43237', 'Nông Văn Hương', '1965-01-14', 1, '19996161436', '438598e2-2574-4fc8-2626-978952f080e4', 'Nhân viên kiểm soát chất lượng', '4577565a-7e3e-493a-74dd-867949feb8b5', 'Phòng bảo vệ', 0, 'Nguyễn Thị Lệ', '2022-01-14 11:51:10', 'Nguyễn Việt Hoa', '2022-06-24 13:11:42'),
('57cdf8c4-47e3-5560-7e41-c1ec321fe728', 'NV09191', 'Nguyễn Thị Lệ', '1986-08-14', NULL, '18024679030', '2b5f15b9-17d9-57e8-1e4a-aea48a10ed18', 'Lập trình viên', '4577565a-7e3e-493a-74dd-867949feb8b5', 'Phòng tài chính', 0, NULL, NULL, 'Lê Diễm Tuấn', '2022-02-13 07:53:52'),
('677132b4-2a33-68d1-26c2-579daad24557', 'NV72420', 'Nguyễn Minh Hiếu', '1994-02-05', 0, '16949352349', '43a6bdf5-1b6b-451b-3695-2c566fa88632', 'Quản lý', '4577565a-7e3e-493a-74dd-867949feb8b5', 'Phòng hỗ trợ khác hàng', 1, 'Nguyễn Thị Hường', '2022-06-20 09:50:05', 'Nguyễn Văn Lệ', '2022-05-15 10:54:58'),
('6c80a684-1cb5-41af-ff34-60b3ebf808a9', 'NV38697', 'Nguyễn Thị Hường', '1992-04-27', 0, '75051343912', '43a6bdf5-1b6b-451b-3695-2c566fa88632', 'Phó phòng', '11452b0c-768e-5ff7-0d63-eeb1d8ed8cef', 'Phòng Marketting', 2, 'Nông Văn Hương', '2022-01-01 01:19:23', 'Nguyễn Việt Ly', '2022-03-29 12:40:42');

-- 
-- Restore previous SQL mode
-- 
/*!40101 SET SQL_MODE=@OLD_SQL_MODE */;

-- 
-- Enable foreign keys
-- 
/*!40014 SET FOREIGN_KEY_CHECKS = @OLD_FOREIGN_KEY_CHECKS */;